Classes,avg_pred
Neck 0,0.09372778
Neck 0,0.09430071
Neck 0,0.11376655
Neck 0,0.08805177
Neck 0,0.12035009
Neck 0,0.115432344
Neck 0,0.5783988
Sleeve Length 0,0.11689463
Sleeve Length 1,0.09976141
Sleeve Length 2,0.12636466
Sleeve Length 3,0.7638956
Pattern 0,0.04589586
Pattern 1,0.06593434
Pattern 2,0.054352958
Pattern 3,0.0748728
Pattern 4,0.09796622
Pattern 5,0.06973106
Pattern 6,0.067944795
Pattern 7,0.045823846
Pattern 8,0.069783814
Pattern 9,0.6293244
